{
  "0.1": 0.7402042195246489,
  "0.30526315789473685": 0.7429318121128209,
  "0.5105263157894737": 0.7877686540066028,
  "0.7157894736842105": 0.7975680300527475,
  "0.9210526315789473": 0.8028608585274142,
  "1.1263157894736844": 0.8011527029277165,
  "1.3315789473684212": 0.7996206932290166,
  "1.536842105263158": 0.7971821548782138,
  "1.7421052631578948": 0.7977082943813188,
  "1.9473684210526316": 0.7960860618031943,
  "2.1526315789473687": 0.7960554438498645,
  "2.3578947368421055": 0.7934181482765976,
  "2.5631578947368423": 0.7947302721409719,
  "2.768421052631579": 0.7892928053444,
  "2.973684210526316": 0.7885712447154404,
  "3.1789473684210527": 0.7869536826725694,
  "3.3842105263157896": 0.7877169815768915,
  "3.5894736842105264": 0.785481203764484,
  "3.794736842105263": 0.7823020519663053,
  "4.0": 0.7831971637544548
}